user,transactionHash,token,isLP,amountRaw,amountWETH,conversionRate,txAggregatedWETH,blockNumber,id
"0x205f1c1ff61eec1d8138c665b827914316874262","0x5c8bb3ee79c726945fe142694c9bca2bf68502239d3d7c03a2a796a668bca04c","0xee8c0e9f1bffb4eb878d8f15f368a02a35481242","false","10000000","0.00000000001","1.00000","0.000035529889469974982848","39207997","0x5c8bb3ee79c726945fe142694c9bca2bf68502239d3d7c03a2a796a668bca04c-5-0"
"0x205f1c1ff61eec1d8138c665b827914316874262","0x5c8bb3ee79c726945fe142694c9bca2bf68502239d3d7c03a2a796a668bca04c","0x10aeaf63194db8d453d4d85a06e5efe1dd0b5417","false","2908","0.0000000000000035503030678672876","1.2208745075197","0.000035529889469974982848","39207997","0x5c8bb3ee79c726945fe142694c9bca2bf68502239d3d7c03a2a796a668bca04c-5-1"
"0x205f1c1ff61eec1d8138c665b827914316874262","0x5c8bb3ee79c726945fe142694c9bca2bf68502239d3d7c03a2a796a668bca04c","0xa3d68b74bf0528fdd07263c60d6488749044914b","false","32808723905687","0.00003552987946642467978","1.0829400000000","0.000035529889469974982848","39207997","0x5c8bb3ee79c726945fe142694c9bca2bf68502239d3d7c03a2a796a668bca04c-5-2"
"0x1e9afe667ec57d3f79fef73e4a324801fc5c4dfe","0x6a9314ee7d2d9da62ebb3a2804e9151d5be447eb32c0a8d55b79aef9961450c0","0xee8c0e9f1bffb4eb878d8f15f368a02a35481242","false","12305873315","0.000000012305873315","1.00000","0.043722631870242273027","39212219","0x6a9314ee7d2d9da62ebb3a2804e9151d5be447eb32c0a8d55b79aef9961450c0-6-0"
"0x1e9afe667ec57d3f79fef73e4a324801fc5c4dfe","0x6a9314ee7d2d9da62ebb3a2804e9151d5be447eb32c0a8d55b79aef9961450c0","0x10aeaf63194db8d453d4d85a06e5efe1dd0b5417","false","3578548","0.0000000000043689580271356073956","1.2208745075197","0.043722631870242273027","39212219","0x6a9314ee7d2d9da62ebb3a2804e9151d5be447eb32c0a8d55b79aef9961450c0-6-1"
"0x1e9afe667ec57d3f79fef73e4a324801fc5c4dfe","0x6a9314ee7d2d9da62ebb3a2804e9151d5be447eb32c0a8d55b79aef9961450c0","0xa3d68b74bf0528fdd07263c60d6488749044914b","false","40374000000000000","0.04372261956","1.0829400000000","0.043722631870242273027","39212219","0x6a9314ee7d2d9da62ebb3a2804e9151d5be447eb32c0a8d55b79aef9961450c0-6-2"
"0xcd07799e9e01c02c3b569cd42f3729713639081c","0xc5f4dff17ffdbada8a23b6e131b773100c5ee4c8247c9e4fb7f2486d44864393","0xee8c0e9f1bffb4eb878d8f15f368a02a35481242","false","1000000000000000","0.001","1.00000","0.001","39212657","0xc5f4dff17ffdbada8a23b6e131b773100c5ee4c8247c9e4fb7f2486d44864393-3-0"
"0x1e9afe667ec57d3f79fef73e4a324801fc5c4dfe","0x9d0b60c5452f8c0b837e44479ca053a6c31da48a5ccbd9d6b9b7e42fa6f0b3c3","0xee8c0e9f1bffb4eb878d8f15f368a02a35481242","false","245092601420","0.00000024509260142","1.00000","0.081307057025102302701","39213226","0x9d0b60c5452f8c0b837e44479ca053a6c31da48a5ccbd9d6b9b7e42fa6f0b3c3-6-0"
"0x1e9afe667ec57d3f79fef73e4a324801fc5c4dfe","0x9d0b60c5452f8c0b837e44479ca053a6c31da48a5ccbd9d6b9b7e42fa6f0b3c3","0x10aeaf63194db8d453d4d85a06e5efe1dd0b5417","false","281807548918234","0.00034405165250088270123","1.2208745075197","0.081307057025102302701","39213226","0x9d0b60c5452f8c0b837e44479ca053a6c31da48a5ccbd9d6b9b7e42fa6f0b3c3-6-1"
"0x1e9afe667ec57d3f79fef73e4a324801fc5c4dfe","0x9d0b60c5452f8c0b837e44479ca053a6c31da48a5ccbd9d6b9b7e42fa6f0b3c3","0xa3d68b74bf0528fdd07263c60d6488749044914b","false","74762000000000000","0.08096276028","1.0829400000000","0.081307057025102302701","39213226","0x9d0b60c5452f8c0b837e44479ca053a6c31da48a5ccbd9d6b9b7e42fa6f0b3c3-6-2"
"0x205f1c1ff61eec1d8138c665b827914316874262","0x615b3ff6ed5fd42addc835d62d731194974dd3ed666dae9953bc5a360f9d1f56","0xee8c0e9f1bffb4eb878d8f15f368a02a35481242","false","100000000000000","0.0001","1.00000","0.0001","39213359","0x615b3ff6ed5fd42addc835d62d731194974dd3ed666dae9953bc5a360f9d1f56-3-0"
"0x69b235c1c3f16f828b2394193a7abea79ee40c07","0x54520471a55e72357b0e295159841ee577769062a10580715ee30e0669bc9b08","0xee8c0e9f1bffb4eb878d8f15f368a02a35481242","false","2150948099487667","0.002150948099487667","1.00000","0.0026862875508718184591","39213884","0x54520471a55e72357b0e295159841ee577769062a10580715ee30e0669bc9b08-8-0"
"0x69b235c1c3f16f828b2394193a7abea79ee40c07","0x54520471a55e72357b0e295159841ee577769062a10580715ee30e0669bc9b08","0x10aeaf63194db8d453d4d85a06e5efe1dd0b5417","false","438488516294549","0.00053533945138415145908","1.2208745075197","0.0026862875508718184591","39213884","0x54520471a55e72357b0e295159841ee577769062a10580715ee30e0669bc9b08-8-1"
"0x69b235c1c3f16f828b2394193a7abea79ee40c07","0x7260b21fe1d94eb5cfcd73e56ac3d1e9d7dcb767baf56c05d3ae182482584750","0xee8c0e9f1bffb4eb878d8f15f368a02a35481242","false","5373576803822531","0.005373576803822531","1.00000","0.005373576803822531","39213980","0x7260b21fe1d94eb5cfcd73e56ac3d1e9d7dcb767baf56c05d3ae182482584750-18-0"
"0x7a2497ad6e4eba70089c375455fd4cf19d580ce1","0x9fe30765bba72c9728ff74cec3b949fdfbf0303058abcb40c0b392084e2214cf","0xee8c0e9f1bffb4eb878d8f15f368a02a35481242","false","9900000000000000","0.0099","1.00000","0.01404330005360354025","39215572","0x9fe30765bba72c9728ff74cec3b949fdfbf0303058abcb40c0b392084e2214cf-36-0"
"0x7a2497ad6e4eba70089c375455fd4cf19d580ce1","0x9fe30765bba72c9728ff74cec3b949fdfbf0303058abcb40c0b392084e2214cf","0x10aeaf63194db8d453d4d85a06e5efe1dd0b5417","false","3393714938008634","0.0041433000536035402498","1.2208745075197","0.01404330005360354025","39215572","0x9fe30765bba72c9728ff74cec3b949fdfbf0303058abcb40c0b392084e2214cf-36-1"
"0x1b648ade1ef219c87987cd60eba069a7faf1621f","0xc4f55be3eca4925eb84e42d94ac9dad23bdec16243b315a58d5eb94fd46c5b05","0xa3d68b74bf0528fdd07263c60d6488749044914b","false","5600000000000000","0.006064464","1.0829400000000","0.006064464","39217147","0xc4f55be3eca4925eb84e42d94ac9dad23bdec16243b315a58d5eb94fd46c5b05-45-2"
"0xc20e318fe1830de929bb8ee57f6209a89f0ab00f","0xad3c6866299e5bff919ab8e6bc50c05e0a94e42fd75466fb809e959d5fc3905b","0xa3d68b74bf0528fdd07263c60d6488749044914b","false","5000000000000000","0.0054147","1.0829400000000","0.0054147","39217358","0xad3c6866299e5bff919ab8e6bc50c05e0a94e42fd75466fb809e959d5fc3905b-3-2"
"0x1b648ade1ef219c87987cd60eba069a7faf1621f","0xa0a2c143fd302d636062dc59f0cc682fac58113893291eb920211a2f59b56682","0xee8c0e9f1bffb4eb878d8f15f368a02a35481242","false","20000000000000000","0.02","1.00000","0.061673781208590757716","39217583","0xa0a2c143fd302d636062dc59f0cc682fac58113893291eb920211a2f59b56682-6-0"
"0x1b648ade1ef219c87987cd60eba069a7faf1621f","0xa0a2c143fd302d636062dc59f0cc682fac58113893291eb920211a2f59b56682","0x10aeaf63194db8d453d4d85a06e5efe1dd0b5417","false","16393970948949310","0.020014981208590757716","1.2208745075197","0.061673781208590757716","39217583","0xa0a2c143fd302d636062dc59f0cc682fac58113893291eb920211a2f59b56682-6-1"
"0x1b648ade1ef219c87987cd60eba069a7faf1621f","0xa0a2c143fd302d636062dc59f0cc682fac58113893291eb920211a2f59b56682","0xa3d68b74bf0528fdd07263c60d6488749044914b","false","20000000000000000","0.0216588","1.0829400000000","0.061673781208590757716","39217583","0xa0a2c143fd302d636062dc59f0cc682fac58113893291eb920211a2f59b56682-6-2"
"0x3ce020839bca572d67fbf2029aa0b7bf43744122","0xd2d527727559b32d0e5a66a669fd225311c0d51d7986d5bc62ef1b59bb932f82","0xee8c0e9f1bffb4eb878d8f15f368a02a35481242","false","9020327776975875","0.009020327776975875","1.00000","0.014436922188496532526","39217770","0xd2d527727559b32d0e5a66a669fd225311c0d51d7986d5bc62ef1b59bb932f82-27-0"
"0x3ce020839bca572d67fbf2029aa0b7bf43744122","0xd2d527727559b32d0e5a66a669fd225311c0d51d7986d5bc62ef1b59bb932f82","0x10aeaf63194db8d453d4d85a06e5efe1dd0b5417","false","4436651251343501","0.0054165944115206575264","1.2208745075197","0.014436922188496532526","39217770","0xd2d527727559b32d0e5a66a669fd225311c0d51d7986d5bc62ef1b59bb932f82-27-1"
"0xf4030cd3b27e279d011c88e6073ee6b903b83d36","0x6ee80b78e4f9645071992f2c0e4f0fec5c6a69c4616e6125cf2ec3d5dc094eb5","0xee8c0e9f1bffb4eb878d8f15f368a02a35481242","false","29908789263264361","0.029908789263264361","1.00000","0.059919222543264361","39218224","0x6ee80b78e4f9645071992f2c0e4f0fec5c6a69c4616e6125cf2ec3d5dc094eb5-5-0"
"0xf4030cd3b27e279d011c88e6073ee6b903b83d36","0x6ee80b78e4f9645071992f2c0e4f0fec5c6a69c4616e6125cf2ec3d5dc094eb5","0xa3d68b74bf0528fdd07263c60d6488749044914b","false","27712000000000000","0.03001043328","1.0829400000000","0.059919222543264361","39218224","0x6ee80b78e4f9645071992f2c0e4f0fec5c6a69c4616e6125cf2ec3d5dc094eb5-5-2"
"0xf4030cd3b27e279d011c88e6073ee6b903b83d36","0x34febde6cdb50cc60c0b1c1883a287c0714a704e2b465eb08d7556f42d704784","0xee8c0e9f1bffb4eb878d8f15f368a02a35481242","false","99921442452550923","0.099921442452550923","1.00000","0.199976434932550923","39219250","0x34febde6cdb50cc60c0b1c1883a287c0714a704e2b465eb08d7556f42d704784-19-0"
"0xf4030cd3b27e279d011c88e6073ee6b903b83d36","0x34febde6cdb50cc60c0b1c1883a287c0714a704e2b465eb08d7556f42d704784","0xa3d68b74bf0528fdd07263c60d6488749044914b","false","92392000000000000","0.10005499248","1.0829400000000","0.199976434932550923","39219250","0x34febde6cdb50cc60c0b1c1883a287c0714a704e2b465eb08d7556f42d704784-19-2"
"0x163e427123125ca77d194634cf7dd39698225393","0x9c0d8d21242e337bc8998b97f6a3e177b0218ee911c4a7944c64edd0315f0873","0xee8c0e9f1bffb4eb878d8f15f368a02a35481242","false","100000000000000","0.0001","1.00000","0.11029210905075197","39220103","0x9c0d8d21242e337bc8998b97f6a3e177b0218ee911c4a7944c64edd0315f0873-9-0"
"0x163e427123125ca77d194634cf7dd39698225393","0x9c0d8d21242e337bc8998b97f6a3e177b0218ee911c4a7944c64edd0315f0873","0x10aeaf63194db8d453d4d85a06e5efe1dd0b5417","false","100000000000000","0.00012208745075197","1.2208745075197","0.11029210905075197","39220103","0x9c0d8d21242e337bc8998b97f6a3e177b0218ee911c4a7944c64edd0315f0873-9-1"
"0x163e427123125ca77d194634cf7dd39698225393","0x9c0d8d21242e337bc8998b97f6a3e177b0218ee911c4a7944c64edd0315f0873","0xa3d68b74bf0528fdd07263c60d6488749044914b","false","101640000000000000","0.1100700216","1.0829400000000","0.11029210905075197","39220103","0x9c0d8d21242e337bc8998b97f6a3e177b0218ee911c4a7944c64edd0315f0873-9-2"
"0x163e427123125ca77d194634cf7dd39698225393","0xbfccd02b09750b2dd581f6bf4fd21a4e420ceacc41e5b5e45cf0144ba2da040a","0xee8c0e9f1bffb4eb878d8f15f368a02a35481242","false","50000000000000000","0.05","1.00000","0.05","39220344","0xbfccd02b09750b2dd581f6bf4fd21a4e420ceacc41e5b5e45cf0144ba2da040a-15-0"
"0x35524a1a02d6c89c8fcead21644cb61b032bd3de","0xf73455d2e524ad4189446eb05f64865122c8c66b253a835f09094661289e5205","0xa3d68b74bf0528fdd07263c60d6488749044914b","false","3695000000000000","0.0040014633","1.0829400000000","0.0040014633","39221672","0xf73455d2e524ad4189446eb05f64865122c8c66b253a835f09094661289e5205-58-2"
"0xe373b616c78755b44754ca3809ad95ab5393c57b","0xa37ad38de72caf18de35b4d6cde30368d2bcfe614f886ef681e3bcb176f226ca","0xee8c0e9f1bffb4eb878d8f15f368a02a35481242","false","1000000000000000","0.001","1.00000","0.001","39221808","0xa37ad38de72caf18de35b4d6cde30368d2bcfe614f886ef681e3bcb176f226ca-16-0"
"0x586f4a2fc3da87585531ebefe491700cbe6b6520","0x55b9c3c0063a5a5b9e600ade719147a36868ce0bcafb6196622d759890a0355f","0xee8c0e9f1bffb4eb878d8f15f368a02a35481242","false","1545290054811181","0.001545290054811181","1.00000","0.001545290054811181","39221837","0x55b9c3c0063a5a5b9e600ade719147a36868ce0bcafb6196622d759890a0355f-24-0"
"0x586f4a2fc3da87585531ebefe491700cbe6b6520","0xc695e33e154e4a20e668a86ea58fedd60c99740ebdcfa33def840b061fe5da8a","0xee8c0e9f1bffb4eb878d8f15f368a02a35481242","false","4133739287370047","0.004133739287370047","1.00000","0.004133739287370047","39222154","0xc695e33e154e4a20e668a86ea58fedd60c99740ebdcfa33def840b061fe5da8a-23-0"
"0x621bfb2f8642bbb09d2208c71feecb8d45c1cccc","0x053b16813d1a7dfea9839b09a06c32890bcd298f17d58ee5ca5c06c9501f96f4","0xee8c0e9f1bffb4eb878d8f15f368a02a35481242","false","1075373561526411","0.001075373561526411","1.00000","0.001075373561526411","39222265","0x053b16813d1a7dfea9839b09a06c32890bcd298f17d58ee5ca5c06c9501f96f4-28-0"
"0x1b648ade1ef219c87987cd60eba069a7faf1621f","0x29e31220b7fd40b2a93b934cb41220c9952cf010e3cb03e9adb3a616633349c6","0xee8c0e9f1bffb4eb878d8f15f368a02a35481242","false","100000000000000000","0.1","1.00000","0.392804521203152","39222903","0x29e31220b7fd40b2a93b934cb41220c9952cf010e3cb03e9adb3a616633349c6-14-0"
"0x1b648ade1ef219c87987cd60eba069a7faf1621f","0x29e31220b7fd40b2a93b934cb41220c9952cf010e3cb03e9adb3a616633349c6","0x10aeaf63194db8d453d4d85a06e5efe1dd0b5417","false","160000000000000000","0.195339921203152","1.2208745075197","0.392804521203152","39222903","0x29e31220b7fd40b2a93b934cb41220c9952cf010e3cb03e9adb3a616633349c6-14-1"
"0x1b648ade1ef219c87987cd60eba069a7faf1621f","0x29e31220b7fd40b2a93b934cb41220c9952cf010e3cb03e9adb3a616633349c6","0xa3d68b74bf0528fdd07263c60d6488749044914b","false","90000000000000000","0.0974646","1.0829400000000","0.392804521203152","39222903","0x29e31220b7fd40b2a93b934cb41220c9952cf010e3cb03e9adb3a616633349c6-14-2"
"0x35524a1a02d6c89c8fcead21644cb61b032bd3de","0x9f94d5965ade58bb0caf42c4ef9915ee6fe6a91a29c8013aae0a258c42935810","0xa3d68b74bf0528fdd07263c60d6488749044914b","false","27719000000000000","0.03001801386","1.0829400000000","0.03001801386","39224026","0x9f94d5965ade58bb0caf42c4ef9915ee6fe6a91a29c8013aae0a258c42935810-3-2"
"0xa5ac9d60226525049816fbb378b4603436e2e671","0xa6c7b3bf394ef7c7f4e4c5d5a066f84f8acd6449e622e12db41402e03e3c0df8","0xee8c0e9f1bffb4eb878d8f15f368a02a35481242","false","271369906737752","0.000271369906737752","1.00000","0.000271369906737752","39224513","0xa6c7b3bf394ef7c7f4e4c5d5a066f84f8acd6449e622e12db41402e03e3c0df8-152-0"
"0x23cd6fe46c573ab78d787baacc48996ff37a6105","0xd89328c4da5637d7ff6094a4aca9bc6ccf7295151bf769aa4bc1b8ece7a7d09b","0xee8c0e9f1bffb4eb878d8f15f368a02a35481242","false","1900777389337771","0.001900777389337771","1.00000","0.0081348660628764204688","39225363","0xd89328c4da5637d7ff6094a4aca9bc6ccf7295151bf769aa4bc1b8ece7a7d09b-25-0"
"0x23cd6fe46c573ab78d787baacc48996ff37a6105","0xd89328c4da5637d7ff6094a4aca9bc6ccf7295151bf769aa4bc1b8ece7a7d09b","0x10aeaf63194db8d453d4d85a06e5efe1dd0b5417","false","3352824914037702","0.0040933784657255599165","1.2208745075197","0.0081348660628764204688","39225363","0xd89328c4da5637d7ff6094a4aca9bc6ccf7295151bf769aa4bc1b8ece7a7d09b-25-1"
"0x23cd6fe46c573ab78d787baacc48996ff37a6105","0xd89328c4da5637d7ff6094a4aca9bc6ccf7295151bf769aa4bc1b8ece7a7d09b","0xa3d68b74bf0528fdd07263c60d6488749044914b","false","1976757907006011","0.0021407102078130895523","1.0829400000000","0.0081348660628764204688","39225363","0xd89328c4da5637d7ff6094a4aca9bc6ccf7295151bf769aa4bc1b8ece7a7d09b-25-2"
"0x3f1ee1e0d4e8e07d44e13f7d2305eb9be553ba08","0xa52601e7c49058b794f9bd4d57f1d6157134c744c053e18e9fce74cf35f4559c","0xee8c0e9f1bffb4eb878d8f15f368a02a35481242","false","43944329114940939","0.043944329114940939","1.00000","0.072798940333795029618","39227180","0xa52601e7c49058b794f9bd4d57f1d6157134c744c053e18e9fce74cf35f4559c-32-0"
"0x3f1ee1e0d4e8e07d44e13f7d2305eb9be553ba08","0xa52601e7c49058b794f9bd4d57f1d6157134c744c053e18e9fce74cf35f4559c","0x10aeaf63194db8d453d4d85a06e5efe1dd0b5417","false","20777593351975599","0.02536683405103780217","1.2208745075197","0.072798940333795029618","39227180","0xa52601e7c49058b794f9bd4d57f1d6157134c744c053e18e9fce74cf35f4559c-32-1"
"0x3f1ee1e0d4e8e07d44e13f7d2305eb9be553ba08","0xa52601e7c49058b794f9bd4d57f1d6157134c744c053e18e9fce74cf35f4559c","0xa3d68b74bf0528fdd07263c60d6488749044914b","false","3220655962302887","0.0034877771678162884478","1.0829400000000","0.072798940333795029618","39227180","0xa52601e7c49058b794f9bd4d57f1d6157134c744c053e18e9fce74cf35f4559c-32-2"
"0xe373b616c78755b44754ca3809ad95ab5393c57b","0xc5c4dd338f81a5f034db8999208975f4a77af8a5d4b9abba2286e438b53cf4cc","0xa3d68b74bf0528fdd07263c60d6488749044914b","false","92394000000000000","0.10005715836","1.0829400000000","0.10005715836","39227346","0xc5c4dd338f81a5f034db8999208975f4a77af8a5d4b9abba2286e438b53cf4cc-32-2"
"0x11afd7b19c452e8c7ec7d21cc36127e0203fc3f7","0x0d8fec36ed43940171da275356e76fce8c1c84b2c16a226a489bd76d9b5a64b1","0xee8c0e9f1bffb4eb878d8f15f368a02a35481242","false","300117614703086846","0.300117614703086846","1.00000","0.300117614703086846","39228024","0x0d8fec36ed43940171da275356e76fce8c1c84b2c16a226a489bd76d9b5a64b1-19-0"
"0x19bbe518506db0650a75b2dc13d676492ae9b527","0x55c2c10040475b05e3fe39d4a3c3975c07d4c79da4bfd30fddfab7eb28c71828","0xee8c0e9f1bffb4eb878d8f15f368a02a35481242","false","36575081026086962","0.036575081026086962","1.00000","0.1244648568777257513","39229103","0x55c2c10040475b05e3fe39d4a3c3975c07d4c79da4bfd30fddfab7eb28c71828-65-0"
"0x19bbe518506db0650a75b2dc13d676492ae9b527","0x55c2c10040475b05e3fe39d4a3c3975c07d4c79da4bfd30fddfab7eb28c71828","0x10aeaf63194db8d453d4d85a06e5efe1dd0b5417","false","50905285313211897","0.062148965136917392114","1.2208745075197","0.1244648568777257513","39229103","0x55c2c10040475b05e3fe39d4a3c3975c07d4c79da4bfd30fddfab7eb28c71828-65-1"
"0x19bbe518506db0650a75b2dc13d676492ae9b527","0x55c2c10040475b05e3fe39d4a3c3975c07d4c79da4bfd30fddfab7eb28c71828","0xa3d68b74bf0528fdd07263c60d6488749044914b","false","23769378464846988","0.025740810714721397185","1.0829400000000","0.1244648568777257513","39229103","0x55c2c10040475b05e3fe39d4a3c3975c07d4c79da4bfd30fddfab7eb28c71828-65-2"
"0x832fdd7d994ebac6fd3c3e99046d7da59a302973","0x6abd939bdb6883c3aca34eea0ce93d15ec35aaf96f416f5e656f88ce3cad3e05","0xa3d68b74bf0528fdd07263c60d6488749044914b","false","300000000000000000","0.324882","1.0829400000000","0.324882","39233628","0x6abd939bdb6883c3aca34eea0ce93d15ec35aaf96f416f5e656f88ce3cad3e05-3-2"
"0x1e9afe667ec57d3f79fef73e4a324801fc5c4dfe","0xb2127b734eef6ab4858d6c2b24cc33969edef194ad84957d34c094514ae281b3","0xee8c0e9f1bffb4eb878d8f15f368a02a35481242","false","10000000000000000","0.01","1.00000","0.010000286743574478774","39234366","0xb2127b734eef6ab4858d6c2b24cc33969edef194ad84957d34c094514ae281b3-26-0"
"0x1e9afe667ec57d3f79fef73e4a324801fc5c4dfe","0xb2127b734eef6ab4858d6c2b24cc33969edef194ad84957d34c094514ae281b3","0xa3d68b74bf0528fdd07263c60d6488749044914b","false","264782512862","0.00000028674357447877428","1.0829400000000","0.010000286743574478774","39234366","0xb2127b734eef6ab4858d6c2b24cc33969edef194ad84957d34c094514ae281b3-26-2"
"0x1e9afe667ec57d3f79fef73e4a324801fc5c4dfe","0x4b5bcde5157025ec725cc09e78e31b0620163c25821b1ed6c1d5894fa61935f9","0xee8c0e9f1bffb4eb878d8f15f368a02a35481242","false","40000000000000000","0.04","1.00000","0.04","39234532","0x4b5bcde5157025ec725cc09e78e31b0620163c25821b1ed6c1d5894fa61935f9-15-0"
"0xc0b70c82a9ccf650b02386c9ef00043a6be05d66","0x4388180de70f83d95f347a462abea38dfedf82fb170d97e08c8869ab8c4fdc68","0xee8c0e9f1bffb4eb878d8f15f368a02a35481242","false","1096891800615643585","1.096891800615643585","1.00000","4.3852091967704669047","39237672","0x4388180de70f83d95f347a462abea38dfedf82fb170d97e08c8869ab8c4fdc68-13-0"
"0xc0b70c82a9ccf650b02386c9ef00043a6be05d66","0x4388180de70f83d95f347a462abea38dfedf82fb170d97e08c8869ab8c4fdc68","0x10aeaf63194db8d453d4d85a06e5efe1dd0b5417","false","1791640478463098254","2.1873681867959947552","1.2208745075197","4.3852091967704669047","39237672","0x4388180de70f83d95f347a462abea38dfedf82fb170d97e08c8869ab8c4fdc68-13-1"
"0xc0b70c82a9ccf650b02386c9ef00043a6be05d66","0x4388180de70f83d95f347a462abea38dfedf82fb170d97e08c8869ab8c4fdc68","0xa3d68b74bf0528fdd07263c60d6488749044914b","false","1016629923503452236","1.1009492093588285645","1.0829400000000","4.3852091967704669047","39237672","0x4388180de70f83d95f347a462abea38dfedf82fb170d97e08c8869ab8c4fdc68-13-2"
"0x838171065e1a00664d5a5c2f9c8a15ac1825647c","0xe60890726345f6db3c2a407549d950c336da5d4610068b570ff0ef8efa39e208","0xee8c0e9f1bffb4eb878d8f15f368a02a35481242","false","86067241901366198","0.086067241901366198","1.00000","0.086067241901366198","39238923","0xe60890726345f6db3c2a407549d950c336da5d4610068b570ff0ef8efa39e208-13-0"
"0x79e41c2d158c5d6f2606459d04c4280cf20b8e13","0xcf2118591d4b7dac34717bb1cb00f759a9ca4e282b5e9c97bbedc8feff86339e","0xee8c0e9f1bffb4eb878d8f15f368a02a35481242","false","119803525110636875","0.119803525110636875","1.00000","0.119803525110636875","39247890","0xcf2118591d4b7dac34717bb1cb00f759a9ca4e282b5e9c97bbedc8feff86339e-9-0"
"0x9a01ce1ecbb36e4f3892c94f6243a4e27e5ce3de","0xf5bf2ddedb13d83a449216b7858fcfccd2191a97a6fffead30ae3108dd8959f6","0xee8c0e9f1bffb4eb878d8f15f368a02a35481242","false","399485423728724933","0.399485423728724933","1.00000","0.79905848799527686802","39249709","0xf5bf2ddedb13d83a449216b7858fcfccd2191a97a6fffead30ae3108dd8959f6-26-0"
"0x9a01ce1ecbb36e4f3892c94f6243a4e27e5ce3de","0xf5bf2ddedb13d83a449216b7858fcfccd2191a97a6fffead30ae3108dd8959f6","0x10aeaf63194db8d453d4d85a06e5efe1dd0b5417","false","327284304656598323","0.39957306426655193502","1.2208745075197","0.79905848799527686802","39249709","0xf5bf2ddedb13d83a449216b7858fcfccd2191a97a6fffead30ae3108dd8959f6-26-1"
"0x79e41c2d158c5d6f2606459d04c4280cf20b8e13","0xfdba8701211569e54d986e32cc1dc34b57cf103026c0b3f576be2f0c2b9f7d51","0x10aeaf63194db8d453d4d85a06e5efe1dd0b5417","false","128729211849260260","0.15716221311986474964","1.2208745075197","0.15716221311986474964","39254674","0xfdba8701211569e54d986e32cc1dc34b57cf103026c0b3f576be2f0c2b9f7d51-21-1"
"0x25f290c3c43a34c56fedbe16a29fafe3b21a1d0b","0x674666c13f289f90e65d89a187f5a9f980e269bd7861537ed001512d78cf228c","0xee8c0e9f1bffb4eb878d8f15f368a02a35481242","false","770000000000000000","0.77","1.00000","2.3054096432298913","39255544","0x674666c13f289f90e65d89a187f5a9f980e269bd7861537ed001512d78cf228c-15-0"
"0x25f290c3c43a34c56fedbe16a29fafe3b21a1d0b","0x674666c13f289f90e65d89a187f5a9f980e269bd7861537ed001512d78cf228c","0x10aeaf63194db8d453d4d85a06e5efe1dd0b5417","false","629000000000000000","0.7679300652298913","1.2208745075197","2.3054096432298913","39255544","0x674666c13f289f90e65d89a187f5a9f980e269bd7861537ed001512d78cf228c-15-1"
"0x25f290c3c43a34c56fedbe16a29fafe3b21a1d0b","0x674666c13f289f90e65d89a187f5a9f980e269bd7861537ed001512d78cf228c","0xa3d68b74bf0528fdd07263c60d6488749044914b","false","708700000000000000","0.767479578","1.0829400000000","2.3054096432298913","39255544","0x674666c13f289f90e65d89a187f5a9f980e269bd7861537ed001512d78cf228c-15-2"
"0xdb2eb4c7a3f4dba901f2112329daeffda553d894","0xb59dff7d65eec28ca2a5d0be23c61614d6900b656daa777ffe79a18f2e54f068","0xee8c0e9f1bffb4eb878d8f15f368a02a35481242","false","334103549364609684","0.334103549364609684","1.00000","0.334103549364609684","39255826","0xb59dff7d65eec28ca2a5d0be23c61614d6900b656daa777ffe79a18f2e54f068-24-0"
"0x25f290c3c43a34c56fedbe16a29fafe3b21a1d0b","0x96abd4625322e9a7f249bb2f0ed44a68ab07576749f195c5c1ace66fbc74f842","0xee8c0e9f1bffb4eb878d8f15f368a02a35481242","false","770000000000000000","0.77","1.00000","2.3054096432298913","39255894","0x96abd4625322e9a7f249bb2f0ed44a68ab07576749f195c5c1ace66fbc74f842-11-0"
"0x25f290c3c43a34c56fedbe16a29fafe3b21a1d0b","0x96abd4625322e9a7f249bb2f0ed44a68ab07576749f195c5c1ace66fbc74f842","0x10aeaf63194db8d453d4d85a06e5efe1dd0b5417","false","629000000000000000","0.7679300652298913","1.2208745075197","2.3054096432298913","39255894","0x96abd4625322e9a7f249bb2f0ed44a68ab07576749f195c5c1ace66fbc74f842-11-1"
"0x25f290c3c43a34c56fedbe16a29fafe3b21a1d0b","0x96abd4625322e9a7f249bb2f0ed44a68ab07576749f195c5c1ace66fbc74f842","0xa3d68b74bf0528fdd07263c60d6488749044914b","false","708700000000000000","0.767479578","1.0829400000000","2.3054096432298913","39255894","0x96abd4625322e9a7f249bb2f0ed44a68ab07576749f195c5c1ace66fbc74f842-11-2"
"0x25f290c3c43a34c56fedbe16a29fafe3b21a1d0b","0x37a2a59839421746be0dd7cf020cae1dc90c524a6f38e1b26b1757ce9049c00c","0xee8c0e9f1bffb4eb878d8f15f368a02a35481242","false","2950000000000000000","2.95","1.00000","11.769382526244954","39257184","0x37a2a59839421746be0dd7cf020cae1dc90c524a6f38e1b26b1757ce9049c00c-63-0"
"0x25f290c3c43a34c56fedbe16a29fafe3b21a1d0b","0x37a2a59839421746be0dd7cf020cae1dc90c524a6f38e1b26b1757ce9049c00c","0x10aeaf63194db8d453d4d85a06e5efe1dd0b5417","false","4820000000000000000","5.884615126244954","1.2208745075197","11.769382526244954","39257184","0x37a2a59839421746be0dd7cf020cae1dc90c524a6f38e1b26b1757ce9049c00c-63-1"
"0x25f290c3c43a34c56fedbe16a29fafe3b21a1d0b","0x37a2a59839421746be0dd7cf020cae1dc90c524a6f38e1b26b1757ce9049c00c","0xa3d68b74bf0528fdd07263c60d6488749044914b","false","2710000000000000000","2.9347674","1.0829400000000","11.769382526244954","39257184","0x37a2a59839421746be0dd7cf020cae1dc90c524a6f38e1b26b1757ce9049c00c-63-2"
"0xc89a761d1a596e41d8fffe2a79cda93cf6dce028","0xa8539ffe17f836b658ad6ce3b87388dd12b7504abbd185053101d5ad560d8844","0xee8c0e9f1bffb4eb878d8f15f368a02a35481242","false","6698861446808446409","6.698861446808446409","1.00000","26.749070470450627769","39260081","0xa8539ffe17f836b658ad6ce3b87388dd12b7504abbd185053101d5ad560d8844-8-0"
"0xc89a761d1a596e41d8fffe2a79cda93cf6dce028","0xa8539ffe17f836b658ad6ce3b87388dd12b7504abbd185053101d5ad560d8844","0x10aeaf63194db8d453d4d85a06e5efe1dd0b5417","false","10958033325244370461","13.37838353934218136","1.2208745075197","26.749070470450627769","39260081","0xa8539ffe17f836b658ad6ce3b87388dd12b7504abbd185053101d5ad560d8844-8-1"
"0xc89a761d1a596e41d8fffe2a79cda93cf6dce028","0xa8539ffe17f836b658ad6ce3b87388dd12b7504abbd185053101d5ad560d8844","0xa3d68b74bf0528fdd07263c60d6488749044914b","false","6160845000000000000","6.6718254843","1.0829400000000","26.749070470450627769","39260081","0xa8539ffe17f836b658ad6ce3b87388dd12b7504abbd185053101d5ad560d8844-8-2"
"0x1b648ade1ef219c87987cd60eba069a7faf1621f","0xb141abe197263f856c680c95c06e2032c9ad1c4e9f87abb102de99bf6b5af830","0xee8c0e9f1bffb4eb878d8f15f368a02a35481242","false","29556219961913937","0.029556219961913937","1.00000","0.11827017017517439508","39264818","0xb141abe197263f856c680c95c06e2032c9ad1c4e9f87abb102de99bf6b5af830-9-0"
"0x1b648ade1ef219c87987cd60eba069a7faf1621f","0xb141abe197263f856c680c95c06e2032c9ad1c4e9f87abb102de99bf6b5af830","0x10aeaf63194db8d453d4d85a06e5efe1dd0b5417","false","48501843759158819","0.059214664613260458083","1.2208745075197","0.11827017017517439508","39264818","0xb141abe197263f856c680c95c06e2032c9ad1c4e9f87abb102de99bf6b5af830-9-1"
"0x1b648ade1ef219c87987cd60eba069a7faf1621f","0xb141abe197263f856c680c95c06e2032c9ad1c4e9f87abb102de99bf6b5af830","0xa3d68b74bf0528fdd07263c60d6488749044914b","false","27240000000000000","0.0294992856","1.0829400000000","0.11827017017517439508","39264818","0xb141abe197263f856c680c95c06e2032c9ad1c4e9f87abb102de99bf6b5af830-9-2"
"0x0c1856cb7444cc8596c706185b54535f45c2623b","0x7ad06a17379b89a7a87324ee237e2b77438faa99cedbb196dba32beb14b70daf","0xee8c0e9f1bffb4eb878d8f15f368a02a35481242","false","7394879000000000000","7.394879","1.00000","29.590847506271855069","39268351","0x7ad06a17379b89a7a87324ee237e2b77438faa99cedbb196dba32beb14b70daf-12-0"
"0x0c1856cb7444cc8596c706185b54535f45c2623b","0x7ad06a17379b89a7a87324ee237e2b77438faa99cedbb196dba32beb14b70daf","0x10aeaf63194db8d453d4d85a06e5efe1dd0b5417","false","12135018156518650530","14.815334315582325238","1.2208745075197","29.590847506271855069","39268351","0x7ad06a17379b89a7a87324ee237e2b77438faa99cedbb196dba32beb14b70daf-12-1"
"0x0c1856cb7444cc8596c706185b54535f45c2623b","0x7ad06a17379b89a7a87324ee237e2b77438faa99cedbb196dba32beb14b70daf","0xa3d68b74bf0528fdd07263c60d6488749044914b","false","6815367601796525967","7.3806341906895298307","1.0829400000000","29.590847506271855069","39268351","0x7ad06a17379b89a7a87324ee237e2b77438faa99cedbb196dba32beb14b70daf-12-2"
"0x0c1856cb7444cc8596c706185b54535f45c2623b","0xc2d9019362e6c8dcb832f9ca5b4a3945c77f16d103830e7dff9aed4371bbcee0","0x10aeaf63194db8d453d4d85a06e5efe1dd0b5417","false","235744643481349470","0.2878146255106997891","1.2208745075197","0.4072243529011699584","39268526","0xc2d9019362e6c8dcb832f9ca5b4a3945c77f16d103830e7dff9aed4371bbcee0-8-1"
"0x0c1856cb7444cc8596c706185b54535f45c2623b","0xc2d9019362e6c8dcb832f9ca5b4a3945c77f16d103830e7dff9aed4371bbcee0","0xa3d68b74bf0528fdd07263c60d6488749044914b","false","110264398203474033","0.1194097273904701693","1.0829400000000","0.4072243529011699584","39268526","0xc2d9019362e6c8dcb832f9ca5b4a3945c77f16d103830e7dff9aed4371bbcee0-8-2"
"0xb306899df6e9416bd0eca0d440a87fb051c3394d","0xc25a817a7ab390a3ea3988eab8fcad5abe2920c41d6364f1f6fb3129bd622bb8","0xee8c0e9f1bffb4eb878d8f15f368a02a35481242","false","1400000000000000000","1.4","1.00000","5.6076419625340426451","39275272","0xc25a817a7ab390a3ea3988eab8fcad5abe2920c41d6364f1f6fb3129bd622bb8-41-0"
"0xb306899df6e9416bd0eca0d440a87fb051c3394d","0xc25a817a7ab390a3ea3988eab8fcad5abe2920c41d6364f1f6fb3129bd622bb8","0x10aeaf63194db8d453d4d85a06e5efe1dd0b5417","false","2299770000000000000","2.807730566158580469","1.2208745075197","5.6076419625340426451","39275272","0xc25a817a7ab390a3ea3988eab8fcad5abe2920c41d6364f1f6fb3129bd622bb8-41-1"
"0xb306899df6e9416bd0eca0d440a87fb051c3394d","0xc25a817a7ab390a3ea3988eab8fcad5abe2920c41d6364f1f6fb3129bd622bb8","0xa3d68b74bf0528fdd07263c60d6488749044914b","false","1292695252161211310","1.3999113963754621761","1.0829400000000","5.6076419625340426451","39275272","0xc25a817a7ab390a3ea3988eab8fcad5abe2920c41d6364f1f6fb3129bd622bb8-41-2"
"0xc0b70c82a9ccf650b02386c9ef00043a6be05d66","0xf466b262cbe33f2ac146d5687f44853f2bcff4852799b49b3c7b98bfe73bbbbb","0xee8c0e9f1bffb4eb878d8f15f368a02a35481242","false","64966279382954188","0.064966279382954188","1.00000","0.25999907076986930323","39278987","0xf466b262cbe33f2ac146d5687f44853f2bcff4852799b49b3c7b98bfe73bbbbb-13-0"
"0xc0b70c82a9ccf650b02386c9ef00043a6be05d66","0xf466b262cbe33f2ac146d5687f44853f2bcff4852799b49b3c7b98bfe73bbbbb","0x10aeaf63194db8d453d4d85a06e5efe1dd0b5417","false","106539759831135006","0.13007167681510406688","1.2208745075197","0.25999907076986930323","39278987","0xf466b262cbe33f2ac146d5687f44853f2bcff4852799b49b3c7b98bfe73bbbbb-13-1"
"0xc0b70c82a9ccf650b02386c9ef00043a6be05d66","0xf466b262cbe33f2ac146d5687f44853f2bcff4852799b49b3c7b98bfe73bbbbb","0xa3d68b74bf0528fdd07263c60d6488749044914b","false","59985885249239153","0.06496111457181104835","1.0829400000000","0.25999907076986930323","39278987","0xf466b262cbe33f2ac146d5687f44853f2bcff4852799b49b3c7b98bfe73bbbbb-13-2"
"0xaf688171f9a426d8c78a907f78a9cc3da23c7230","0x99be225f9ffc66d2e1f88b0ddffcbbc763efc2a4f4f46084d3fb7cd3017948a5","0xee8c0e9f1bffb4eb878d8f15f368a02a35481242","false","6955901983383496890","6.95590198338349689","1.00000","27.913615865811707416","39311661","0x99be225f9ffc66d2e1f88b0ddffcbbc763efc2a4f4f46084d3fb7cd3017948a5-6-0"
"0xaf688171f9a426d8c78a907f78a9cc3da23c7230","0x99be225f9ffc66d2e1f88b0ddffcbbc763efc2a4f4f46084d3fb7cd3017948a5","0x10aeaf63194db8d453d4d85a06e5efe1dd0b5417","false","11428980627677705530","13.953351095268210526","1.2208745075197","27.913615865811707416","39311661","0x99be225f9ffc66d2e1f88b0ddffcbbc763efc2a4f4f46084d3fb7cd3017948a5-6-1"
"0xaf688171f9a426d8c78a907f78a9cc3da23c7230","0x99be225f9ffc66d2e1f88b0ddffcbbc763efc2a4f4f46084d3fb7cd3017948a5","0xa3d68b74bf0528fdd07263c60d6488749044914b","false","6467914000000000000","7.00436278716","1.0829400000000","27.913615865811707416","39311661","0x99be225f9ffc66d2e1f88b0ddffcbbc763efc2a4f4f46084d3fb7cd3017948a5-6-2"
"0xbf35825418f049aa23fcde554c964656fbfac040","0x1a34d20166f6efbcb94cb876a78f777b2b0b4756919fb9d302fd73dbaaa41ec6","0xee8c0e9f1bffb4eb878d8f15f368a02a35481242","false","100000000000000000","0.1","1.00000","0.1","39326516","0x1a34d20166f6efbcb94cb876a78f777b2b0b4756919fb9d302fd73dbaaa41ec6-9-0"
"0x66088072a068ee4999b9f890fb2287c45e9f1530","0xe62f5a59e8aad03a06931c2ac50842492e4885476a158e1924563b0617470a3c","0xee8c0e9f1bffb4eb878d8f15f368a02a35481242","false","1000000000000000000","1","1.00000","3.3038145075197","39326755","0xe62f5a59e8aad03a06931c2ac50842492e4885476a158e1924563b0617470a3c-44-0"
"0x66088072a068ee4999b9f890fb2287c45e9f1530","0xe62f5a59e8aad03a06931c2ac50842492e4885476a158e1924563b0617470a3c","0x10aeaf63194db8d453d4d85a06e5efe1dd0b5417","false","1000000000000000000","1.2208745075197","1.2208745075197","3.3038145075197","39326755","0xe62f5a59e8aad03a06931c2ac50842492e4885476a158e1924563b0617470a3c-44-1"
"0x66088072a068ee4999b9f890fb2287c45e9f1530","0xe62f5a59e8aad03a06931c2ac50842492e4885476a158e1924563b0617470a3c","0xa3d68b74bf0528fdd07263c60d6488749044914b","false","1000000000000000000","1.08294","1.0829400000000","3.3038145075197","39326755","0xe62f5a59e8aad03a06931c2ac50842492e4885476a158e1924563b0617470a3c-44-2"
"0xbf35825418f049aa23fcde554c964656fbfac040","0x39d8101ed52fcb6e42a734c45c0d6f6bcc876d44c6988614789f7072ddb1ed83","0xa3d68b74bf0528fdd07263c60d6488749044914b","false","100000000000000000","0.108294","1.0829400000000","0.108294","39327014","0x39d8101ed52fcb6e42a734c45c0d6f6bcc876d44c6988614789f7072ddb1ed83-22-2"
"0x66088072a068ee4999b9f890fb2287c45e9f1530","0x358efd9a692c378272ed1a215469d46d7e86b17e4ebccf6f2410bdd74c0b9b49","0xee8c0e9f1bffb4eb878d8f15f368a02a35481242","false","1000000000000000000","1","1.00000","3.3038145075197","39327498","0x358efd9a692c378272ed1a215469d46d7e86b17e4ebccf6f2410bdd74c0b9b49-37-0"
"0x66088072a068ee4999b9f890fb2287c45e9f1530","0x358efd9a692c378272ed1a215469d46d7e86b17e4ebccf6f2410bdd74c0b9b49","0x10aeaf63194db8d453d4d85a06e5efe1dd0b5417","false","1000000000000000000","1.2208745075197","1.2208745075197","3.3038145075197","39327498","0x358efd9a692c378272ed1a215469d46d7e86b17e4ebccf6f2410bdd74c0b9b49-37-1"
"0x66088072a068ee4999b9f890fb2287c45e9f1530","0x358efd9a692c378272ed1a215469d46d7e86b17e4ebccf6f2410bdd74c0b9b49","0xa3d68b74bf0528fdd07263c60d6488749044914b","false","1000000000000000000","1.08294","1.0829400000000","3.3038145075197","39327498","0x358efd9a692c378272ed1a215469d46d7e86b17e4ebccf6f2410bdd74c0b9b49-37-2"
"0x66088072a068ee4999b9f890fb2287c45e9f1530","0xb4e896ca05fd4c17019c98d82ad94d75893afd6c07d9be3ea1d723dc9c516506","0xee8c0e9f1bffb4eb878d8f15f368a02a35481242","false","1000000000000000000","1","1.00000","3.18172705676773","39327877","0xb4e896ca05fd4c17019c98d82ad94d75893afd6c07d9be3ea1d723dc9c516506-13-0"
"0x66088072a068ee4999b9f890fb2287c45e9f1530","0xb4e896ca05fd4c17019c98d82ad94d75893afd6c07d9be3ea1d723dc9c516506","0x10aeaf63194db8d453d4d85a06e5efe1dd0b5417","false","900000000000000000","1.09878705676773","1.2208745075197","3.18172705676773","39327877","0xb4e896ca05fd4c17019c98d82ad94d75893afd6c07d9be3ea1d723dc9c516506-13-1"
"0x66088072a068ee4999b9f890fb2287c45e9f1530","0xb4e896ca05fd4c17019c98d82ad94d75893afd6c07d9be3ea1d723dc9c516506","0xa3d68b74bf0528fdd07263c60d6488749044914b","false","1000000000000000000","1.08294","1.0829400000000","3.18172705676773","39327877","0xb4e896ca05fd4c17019c98d82ad94d75893afd6c07d9be3ea1d723dc9c516506-13-2"
"0x66088072a068ee4999b9f890fb2287c45e9f1530","0x37292848885a5dd2006f03d3f7a14ecbf2c4d40cf66871a63637e9f3e2fa0d16","0xee8c0e9f1bffb4eb878d8f15f368a02a35481242","false","3500000000000000000","3.5","1.00000","10.715326840492052052","39328134","0x37292848885a5dd2006f03d3f7a14ecbf2c4d40cf66871a63637e9f3e2fa0d16-84-0"
"0x66088072a068ee4999b9f890fb2287c45e9f1530","0x37292848885a5dd2006f03d3f7a14ecbf2c4d40cf66871a63637e9f3e2fa0d16","0x10aeaf63194db8d453d4d85a06e5efe1dd0b5417","false","2834495000000000000","3.4605626871920520515","1.2208745075197","10.715326840492052052","39328134","0x37292848885a5dd2006f03d3f7a14ecbf2c4d40cf66871a63637e9f3e2fa0d16-84-1"
"0x66088072a068ee4999b9f890fb2287c45e9f1530","0x37292848885a5dd2006f03d3f7a14ecbf2c4d40cf66871a63637e9f3e2fa0d16","0xa3d68b74bf0528fdd07263c60d6488749044914b","false","3467195000000000000","3.7547641533","1.0829400000000","10.715326840492052052","39328134","0x37292848885a5dd2006f03d3f7a14ecbf2c4d40cf66871a63637e9f3e2fa0d16-84-2"
"0xaf688171f9a426d8c78a907f78a9cc3da23c7230","0x075d0ae5b798eca97162a97705ea45065a2b4ace4556b0b51f7434032bd7403f","0xee8c0e9f1bffb4eb878d8f15f368a02a35481242","false","7379900000000000000","7.3799","1.00000","30.1345954774130154","39328785","0x075d0ae5b798eca97162a97705ea45065a2b4ace4556b0b51f7434032bd7403f-10-0"
"0xaf688171f9a426d8c78a907f78a9cc3da23c7230","0x075d0ae5b798eca97162a97705ea45065a2b4ace4556b0b51f7434032bd7403f","0x10aeaf63194db8d453d4d85a06e5efe1dd0b5417","false","12082000000000000000","14.7506057998530154","1.2208745075197","30.1345954774130154","39328785","0x075d0ae5b798eca97162a97705ea45065a2b4ace4556b0b51f7434032bd7403f-10-1"
"0xaf688171f9a426d8c78a907f78a9cc3da23c7230","0x075d0ae5b798eca97162a97705ea45065a2b4ace4556b0b51f7434032bd7403f","0xa3d68b74bf0528fdd07263c60d6488749044914b","false","7391074000000000000","8.00408967756","1.0829400000000","30.1345954774130154","39328785","0x075d0ae5b798eca97162a97705ea45065a2b4ace4556b0b51f7434032bd7403f-10-2"
"0xf669fcc6d0dd3b70f61ad3be19c305b99811e3a2","0xe234b5f8cd184ffbc06a335cdd351169746543a14c4ab0e8cc3115440d25de92","0xee8c0e9f1bffb4eb878d8f15f368a02a35481242","false","10000000000000000","0.01","1.00000","0.01","39341535","0xe234b5f8cd184ffbc06a335cdd351169746543a14c4ab0e8cc3115440d25de92-674-0"
"0xf669fcc6d0dd3b70f61ad3be19c305b99811e3a2","0xb10015b912974eaac45d2828d2618a4f5aad9dc27fb81e0e729304a9d1d8f3e1","0xee8c0e9f1bffb4eb878d8f15f368a02a35481242","false","990000000000000000","0.99","1.00000","0.99","39341801","0xb10015b912974eaac45d2828d2618a4f5aad9dc27fb81e0e729304a9d1d8f3e1-3-0"
"0xd065341029327373f1849bbdcf4fb501ac983163","0xe0c9f55976f7db0c6cef20811213d3ba92f8386b0067d9cbf8cf81af0f7a0b9e","0xee8c0e9f1bffb4eb878d8f15f368a02a35481242","false","35671366604966214","0.035671366604966214","1.00000","0.035671366604966214","39341988","0xe0c9f55976f7db0c6cef20811213d3ba92f8386b0067d9cbf8cf81af0f7a0b9e-16-0"
"0x27ce87b944e744eb415168d4da672a2135c4b06e","0x868ac55586b0f7201aed018b5a3051d89427dfa20b83b3ef11b7bb682f8ffe19","0xee8c0e9f1bffb4eb878d8f15f368a02a35481242","false","10000000000000000000","10","1.00000","35.701267896921947885","39352118","0x868ac55586b0f7201aed018b5a3051d89427dfa20b83b3ef11b7bb682f8ffe19-13-0"
"0x27ce87b944e744eb415168d4da672a2135c4b06e","0x868ac55586b0f7201aed018b5a3051d89427dfa20b83b3ef11b7bb682f8ffe19","0x10aeaf63194db8d453d4d85a06e5efe1dd0b5417","false","13520648637800794695","16.507015247021947885","1.2208745075197","35.701267896921947885","39352118","0x868ac55586b0f7201aed018b5a3051d89427dfa20b83b3ef11b7bb682f8ffe19-13-1"
"0x27ce87b944e744eb415168d4da672a2135c4b06e","0x868ac55586b0f7201aed018b5a3051d89427dfa20b83b3ef11b7bb682f8ffe19","0xa3d68b74bf0528fdd07263c60d6488749044914b","false","8490085000000000000","9.1942526499","1.0829400000000","35.701267896921947885","39352118","0x868ac55586b0f7201aed018b5a3051d89427dfa20b83b3ef11b7bb682f8ffe19-13-2"
"0xe1712b877b36f35975b0c28bb3da057ac7b89c9a","0x657ac382fca72531ea3f684fc2e7a6f65b2bff93de2ac9322fa7253f934be72e","0xee8c0e9f1bffb4eb878d8f15f368a02a35481242","false","4148905375739917283","4.148905375739917283","1.00000","16.604661079657330781","39355314","0x657ac382fca72531ea3f684fc2e7a6f65b2bff93de2ac9322fa7253f934be72e-9-0"
"0xe1712b877b36f35975b0c28bb3da057ac7b89c9a","0x657ac382fca72531ea3f684fc2e7a6f65b2bff93de2ac9322fa7253f934be72e","0x10aeaf63194db8d453d4d85a06e5efe1dd0b5417","false","6799807636063821306","8.301711798908113286","1.2208745075197","16.604661079657330781","39355314","0x657ac382fca72531ea3f684fc2e7a6f65b2bff93de2ac9322fa7253f934be72e-9-1"
"0xe1712b877b36f35975b0c28bb3da057ac7b89c9a","0x657ac382fca72531ea3f684fc2e7a6f65b2bff93de2ac9322fa7253f934be72e","0xa3d68b74bf0528fdd07263c60d6488749044914b","false","3835894791040408713","4.1540439050093002117","1.0829400000000","16.604661079657330781","39355314","0x657ac382fca72531ea3f684fc2e7a6f65b2bff93de2ac9322fa7253f934be72e-9-2"
"0xe373b616c78755b44754ca3809ad95ab5393c57b","0xffef2b10bcdfb4b8f9a81c6c1483e5eb6816875d5eb2be6a643f26d6e0bbd95f","0xee8c0e9f1bffb4eb878d8f15f368a02a35481242","false","1000000000000000","0.001","1.00000","0.001","39358585","0xffef2b10bcdfb4b8f9a81c6c1483e5eb6816875d5eb2be6a643f26d6e0bbd95f-3-0"
"0x29f82d09c2afd12f3c10ee49cd713331f4a7228e","0x069d8d5dec515113bbdb010dff8f821ec389689a9ee22ff91baa1a2fd86ad493","0xee8c0e9f1bffb4eb878d8f15f368a02a35481242","false","3096433594280239219","3.096433594280239219","1.00000","12.392310089421626697","39358695","0x069d8d5dec515113bbdb010dff8f821ec389689a9ee22ff91baa1a2fd86ad493-23-0"
"0x29f82d09c2afd12f3c10ee49cd713331f4a7228e","0x069d8d5dec515113bbdb010dff8f821ec389689a9ee22ff91baa1a2fd86ad493","0x10aeaf63194db8d453d4d85a06e5efe1dd0b5417","false","5074776150000000000","6.1956648329039692152","1.2208745075197","12.392310089421626697","39358695","0x069d8d5dec515113bbdb010dff8f821ec389689a9ee22ff91baa1a2fd86ad493-23-1"
"0x29f82d09c2afd12f3c10ee49cd713331f4a7228e","0x069d8d5dec515113bbdb010dff8f821ec389689a9ee22ff91baa1a2fd86ad493","0xa3d68b74bf0528fdd07263c60d6488749044914b","false","2862773248968011397","3.1002116622374182623","1.0829400000000","12.392310089421626697","39358695","0x069d8d5dec515113bbdb010dff8f821ec389689a9ee22ff91baa1a2fd86ad493-23-2"
"0xe373b616c78755b44754ca3809ad95ab5393c57b","0x42dcc1cc6f4f2287fa22bcb8649a7c2059afdd9c8c71d347f17541e47f782181","0xee8c0e9f1bffb4eb878d8f15f368a02a35481242","false","5000000000000000","0.005","1.00000","0.005","39358728","0x42dcc1cc6f4f2287fa22bcb8649a7c2059afdd9c8c71d347f17541e47f782181-3-0"
"0xe373b616c78755b44754ca3809ad95ab5393c57b","0x6cedd3ba920ad29f70cbe62780d0a9779dfc020aeb7a139dfad9777527e1072b","0xee8c0e9f1bffb4eb878d8f15f368a02a35481242","false","50000000000000000","0.05","1.00000","0.05","39358945","0x6cedd3ba920ad29f70cbe62780d0a9779dfc020aeb7a139dfad9777527e1072b-3-0"
"0xe373b616c78755b44754ca3809ad95ab5393c57b","0x4f9d11970a3bf2bb74cfb374b96c5c4ffd44f1d03e8ea5f43505cf5fdfc66eee","0xee8c0e9f1bffb4eb878d8f15f368a02a35481242","false","100000000000000000","0.1","1.00000","0.1","39360608","0x4f9d11970a3bf2bb74cfb374b96c5c4ffd44f1d03e8ea5f43505cf5fdfc66eee-13-0"
"0xe1712b877b36f35975b0c28bb3da057ac7b89c9a","0x86ebe9bc871f337044757bd0e61b8d6d528238b53ca4ba76bd6bf65bed3db2e6","0xee8c0e9f1bffb4eb878d8f15f368a02a35481242","false","3109104938862267259","3.109104938862267259","1.00000","12.435556695307843449","39361413","0x86ebe9bc871f337044757bd0e61b8d6d528238b53ca4ba76bd6bf65bed3db2e6-5-0"
"0xe1712b877b36f35975b0c28bb3da057ac7b89c9a","0x86ebe9bc871f337044757bd0e61b8d6d528238b53ca4ba76bd6bf65bed3db2e6","0x10aeaf63194db8d453d4d85a06e5efe1dd0b5417","false","5092700000000000000","6.21754760444557619","1.2208745075197","12.435556695307843449","39361413","0x86ebe9bc871f337044757bd0e61b8d6d528238b53ca4ba76bd6bf65bed3db2e6-5-1"
"0xe1712b877b36f35975b0c28bb3da057ac7b89c9a","0x86ebe9bc871f337044757bd0e61b8d6d528238b53ca4ba76bd6bf65bed3db2e6","0xa3d68b74bf0528fdd07263c60d6488749044914b","false","2870800000000000000","3.108904152","1.0829400000000","12.435556695307843449","39361413","0x86ebe9bc871f337044757bd0e61b8d6d528238b53ca4ba76bd6bf65bed3db2e6-5-2"
"0xe1712b877b36f35975b0c28bb3da057ac7b89c9a","0xcac30c7ac50282d711f08182088c90928fadb81f1b544ac2f83c2b2e9c47e33e","0xee8c0e9f1bffb4eb878d8f15f368a02a35481242","false","78891197721288456","0.078891197721288456","1.00000","0.315814747423507365","39363977","0xcac30c7ac50282d711f08182088c90928fadb81f1b544ac2f83c2b2e9c47e33e-5-0"
"0xe1712b877b36f35975b0c28bb3da057ac7b89c9a","0xcac30c7ac50282d711f08182088c90928fadb81f1b544ac2f83c2b2e9c47e33e","0x10aeaf63194db8d453d4d85a06e5efe1dd0b5417","false","129389714640435920","0.15796860413975672079","1.2208745075197","0.315814747423507365","39363977","0xcac30c7ac50282d711f08182088c90928fadb81f1b544ac2f83c2b2e9c47e33e-5-1"
"0xe1712b877b36f35975b0c28bb3da057ac7b89c9a","0xcac30c7ac50282d711f08182088c90928fadb81f1b544ac2f83c2b2e9c47e33e","0xa3d68b74bf0528fdd07263c60d6488749044914b","false","72907959409073622","0.078954945562462188209","1.0829400000000","0.315814747423507365","39363977","0xcac30c7ac50282d711f08182088c90928fadb81f1b544ac2f83c2b2e9c47e33e-5-2"
"0xe373b616c78755b44754ca3809ad95ab5393c57b","0x0bc91594e007c361a45d46c9acf2927cfe4c991b40a0c36fdcb9ce361947bfa6","0xee8c0e9f1bffb4eb878d8f15f368a02a35481242","false","98283355015892973","0.098283355015892973","1.00000","0.098283355015892973","39365029","0x0bc91594e007c361a45d46c9acf2927cfe4c991b40a0c36fdcb9ce361947bfa6-17-0"
"0x33a7f808a362d2c780d1c6eea9b52179a441fdf9","0xe58fdccba5b481229a72b945bd0e58e539728e8ebc5b43220fefd12fde6f86bd","0xee8c0e9f1bffb4eb878d8f15f368a02a35481242","false","1917704842259598","0.001917704842259598","1.00000","0.001917704842259598","39367535","0xe58fdccba5b481229a72b945bd0e58e539728e8ebc5b43220fefd12fde6f86bd-4-0"
"0xa432d59ff7f3c1ef82a10e8d3cda78b31e605f3e","0x86db8bd0c7839024b7473ac5358a2fc93e6b0e8402baa932fbe8b5a6e34242c0","0xee8c0e9f1bffb4eb878d8f15f368a02a35481242","false","5000000000000000","0.005","1.00000","0.005","39367753","0x86db8bd0c7839024b7473ac5358a2fc93e6b0e8402baa932fbe8b5a6e34242c0-3-0"
"0x3d4567d5482527179207d838af18fed493c46ae5","0x425de55559ba62a73fd493af286ff830f37ff421a5db3c397176ca726fd36b19","0xa3d68b74bf0528fdd07263c60d6488749044914b","false","1000000000000000000","1.08294","1.0829400000000","1.08294","39370830","0x425de55559ba62a73fd493af286ff830f37ff421a5db3c397176ca726fd36b19-9-2"
"0x3d4567d5482527179207d838af18fed493c46ae5","0xef6d095cc2d0aab0200247f15db0890ea2328bf77c74f9bf5c850d8743fbb5c9","0xa3d68b74bf0528fdd07263c60d6488749044914b","false","15380000000000000000","16.6556172","1.0829400000000","16.6556172","39374250","0xef6d095cc2d0aab0200247f15db0890ea2328bf77c74f9bf5c850d8743fbb5c9-5-2"
"0x96e3e323966713a1f56dbb5d5bfabb28b2e4b428","0x3d8d07f6a981449ff414987e6a522e2ebfb91b4aaea6aef8a4a8fdad4551bae7","0xa3d68b74bf0528fdd07263c60d6488749044914b","false","18527790000000000000","20.0644849026","1.0829400000000","20.0644849026","39377577","0x3d8d07f6a981449ff414987e6a522e2ebfb91b4aaea6aef8a4a8fdad4551bae7-3-2"
"0x3d4567d5482527179207d838af18fed493c46ae5","0xed95df2e38f6583e35783f222afc5a6575f0281f0b9d5142e8e5b10b919ed26c","0xee8c0e9f1bffb4eb878d8f15f368a02a35481242","false","11730000000000000000","11.73","1.00000","11.73","39378728","0xed95df2e38f6583e35783f222afc5a6575f0281f0b9d5142e8e5b10b919ed26c-20-0"
"0x3d4567d5482527179207d838af18fed493c46ae5","0xee30f7998b0181376ddca3256415278f11f596c39e5ae60f4873264a468f81ef","0xee8c0e9f1bffb4eb878d8f15f368a02a35481242","false","20000000000000000000","20","1.00000","41.6588","39382362","0xee30f7998b0181376ddca3256415278f11f596c39e5ae60f4873264a468f81ef-4-0"
"0x3d4567d5482527179207d838af18fed493c46ae5","0xee30f7998b0181376ddca3256415278f11f596c39e5ae60f4873264a468f81ef","0xa3d68b74bf0528fdd07263c60d6488749044914b","false","20000000000000000000","21.6588","1.0829400000000","41.6588","39382362","0xee30f7998b0181376ddca3256415278f11f596c39e5ae60f4873264a468f81ef-4-2"
"0x3d4567d5482527179207d838af18fed493c46ae5","0x5162672f79abed51bb2f0b08fe86f52e702095abab28278cda1ef3808dc0b2b6","0xa3d68b74bf0528fdd07263c60d6488749044914b","false","3000000000000000000","3.24882","1.0829400000000","3.24882","39382483","0x5162672f79abed51bb2f0b08fe86f52e702095abab28278cda1ef3808dc0b2b6-9-2"
"0x3d4567d5482527179207d838af18fed493c46ae5","0x50c8438b4f2d8fd642c70ce0cab44fe3a88e4636a82c6b792432ad1f6d15e5a6","0xee8c0e9f1bffb4eb878d8f15f368a02a35481242","false","3000000000000000000","3","1.00000","6.24882","39382581","0x50c8438b4f2d8fd642c70ce0cab44fe3a88e4636a82c6b792432ad1f6d15e5a6-4-0"
"0x3d4567d5482527179207d838af18fed493c46ae5","0x50c8438b4f2d8fd642c70ce0cab44fe3a88e4636a82c6b792432ad1f6d15e5a6","0xa3d68b74bf0528fdd07263c60d6488749044914b","false","3000000000000000000","3.24882","1.0829400000000","6.24882","39382581","0x50c8438b4f2d8fd642c70ce0cab44fe3a88e4636a82c6b792432ad1f6d15e5a6-4-2"
"0x3d4567d5482527179207d838af18fed493c46ae5","0x14db97125039b8aa14431371d363f6434c4a19aed79aa31a87a7482058ef7fa9","0xee8c0e9f1bffb4eb878d8f15f368a02a35481242","false","10000000000000000000","10","1.00000","20.8294","39382796","0x14db97125039b8aa14431371d363f6434c4a19aed79aa31a87a7482058ef7fa9-61-0"
"0x3d4567d5482527179207d838af18fed493c46ae5","0x14db97125039b8aa14431371d363f6434c4a19aed79aa31a87a7482058ef7fa9","0xa3d68b74bf0528fdd07263c60d6488749044914b","false","10000000000000000000","10.8294","1.0829400000000","20.8294","39382796","0x14db97125039b8aa14431371d363f6434c4a19aed79aa31a87a7482058ef7fa9-61-2"
"0xa432d59ff7f3c1ef82a10e8d3cda78b31e605f3e","0xdfec0273d4ffb790a66378b6835165066ed991ad476a54d251d3cdf3acd82d1a","0xee8c0e9f1bffb4eb878d8f15f368a02a35481242","false","3996655549506349","0.003996655549506349","1.00000","0.0054375269709184982911","39385324","0xdfec0273d4ffb790a66378b6835165066ed991ad476a54d251d3cdf3acd82d1a-68-0"
"0xa432d59ff7f3c1ef82a10e8d3cda78b31e605f3e","0xdfec0273d4ffb790a66378b6835165066ed991ad476a54d251d3cdf3acd82d1a","0x10aeaf63194db8d453d4d85a06e5efe1dd0b5417","false","718945817941068","0.00087774262141214929114","1.2208745075197","0.0054375269709184982911","39385324","0xdfec0273d4ffb790a66378b6835165066ed991ad476a54d251d3cdf3acd82d1a-68-1"
"0xa432d59ff7f3c1ef82a10e8d3cda78b31e605f3e","0xdfec0273d4ffb790a66378b6835165066ed991ad476a54d251d3cdf3acd82d1a","0xa3d68b74bf0528fdd07263c60d6488749044914b","false","520000000000000","0.0005631288","1.0829400000000","0.0054375269709184982911","39385324","0xdfec0273d4ffb790a66378b6835165066ed991ad476a54d251d3cdf3acd82d1a-68-2"
"0x02758fbc0bb97a57d93351981e4e2eec47a4a921","0xa5fc7cb7552d5a3a5f22b5c05024e3ed2266c758ca1ec748ac7386c5e71d683c","0xee8c0e9f1bffb4eb878d8f15f368a02a35481242","false","3478421940000000000","3.47842194","1.00000","15.9786196749","39387344","0xa5fc7cb7552d5a3a5f22b5c05024e3ed2266c758ca1ec748ac7386c5e71d683c-5-0"
"0x02758fbc0bb97a57d93351981e4e2eec47a4a921","0xa5fc7cb7552d5a3a5f22b5c05024e3ed2266c758ca1ec748ac7386c5e71d683c","0xa3d68b74bf0528fdd07263c60d6488749044914b","false","11542835000000000000","12.5001977349","1.0829400000000","15.9786196749","39387344","0xa5fc7cb7552d5a3a5f22b5c05024e3ed2266c758ca1ec748ac7386c5e71d683c-5-2"
"0x58f4a0cc48473c322c8f75eacdd166e646a25655","0xc67b90af09048b992e49a2fb5c975d31c329b876bf96b98cceca67c2cf0b2a4f","0xee8c0e9f1bffb4eb878d8f15f368a02a35481242","false","1063875834786817","0.001063875834786817","1.00000","0.001063875834786817","39388301","0xc67b90af09048b992e49a2fb5c975d31c329b876bf96b98cceca67c2cf0b2a4f-26-0"
"0x686e2d1eb5aab8769664d740cdff5f6d6b6cd89c","0x983ca7a7f7fb1ba88d5db622a4528cb252c00b80e2157a4471c7da428f15e28c","0xee8c0e9f1bffb4eb878d8f15f368a02a35481242","false","10000000000000000","0.01","1.00000","0.01","39389122","0x983ca7a7f7fb1ba88d5db622a4528cb252c00b80e2157a4471c7da428f15e28c-81-0"
"0x3d4567d5482527179207d838af18fed493c46ae5","0x3e5330ff690ea6c9a09077c89e933e0ad29b70c34cae87473dea2f10d2a1fbdb","0xee8c0e9f1bffb4eb878d8f15f368a02a35481242","false","24208721689334216035","24.208721689334216035","1.00000","97.334570152638005304","39389799","0x3e5330ff690ea6c9a09077c89e933e0ad29b70c34cae87473dea2f10d2a1fbdb-22-0"
"0x3d4567d5482527179207d838af18fed493c46ae5","0x3e5330ff690ea6c9a09077c89e933e0ad29b70c34cae87473dea2f10d2a1fbdb","0x10aeaf63194db8d453d4d85a06e5efe1dd0b5417","false","39722131025494379970","48.495737153383447071","1.2208745075197","97.334570152638005304","39389799","0x3e5330ff690ea6c9a09077c89e933e0ad29b70c34cae87473dea2f10d2a1fbdb-22-1"
"0x3d4567d5482527179207d838af18fed493c46ae5","0x3e5330ff690ea6c9a09077c89e933e0ad29b70c34cae87473dea2f10d2a1fbdb","0xa3d68b74bf0528fdd07263c60d6488749044914b","false","22743745091990638630","24.630111309920342198","1.0829400000000","97.334570152638005304","39389799","0x3e5330ff690ea6c9a09077c89e933e0ad29b70c34cae87473dea2f10d2a1fbdb-22-2"
"0x686e2d1eb5aab8769664d740cdff5f6d6b6cd89c","0x33ce25c2226e18fefad077be6430a6dad7540081a78eb517935c56d87cf10704","0xee8c0e9f1bffb4eb878d8f15f368a02a35481242","false","4053191753332509447","4.053191753332509447","1.00000","4.053191753332509447","39390896","0x33ce25c2226e18fefad077be6430a6dad7540081a78eb517935c56d87cf10704-43-0"
"0x8fcc8bf64de304c53a9fc4c34925bd72a6c934a0","0x21a1d17e296145d241e988724f4124107b0afa23e16ca7ede6869559972fa481","0xee8c0e9f1bffb4eb878d8f15f368a02a35481242","false","2985458541444447838","2.985458541444447838","1.00000","2.985458541444447838","39391608","0x21a1d17e296145d241e988724f4124107b0afa23e16ca7ede6869559972fa481-3-0"
"0xbb8151d891ae8b3ee3696944652ef2308edc8d65","0xd21cfc3065b884c5ceacb4c0cb15655b96f283cc5bbf99049f455d727410b4f9","0xa3d68b74bf0528fdd07263c60d6488749044914b","false","9584341000000000000","10.37926624254","1.0829400000000","10.37926624254","39418097","0xd21cfc3065b884c5ceacb4c0cb15655b96f283cc5bbf99049f455d727410b4f9-41-2"
"0xd5fdc7790ca6a881e5067bc0d73406de1e2dc59e","0x70c688bae9faa33c6b5d628374f5012edcaa79deb7701f74c599109ba206d1e9","0xee8c0e9f1bffb4eb878d8f15f368a02a35481242","false","578873797630321625","0.578873797630321625","1.00000","0.99471897703625290761","39439827","0x70c688bae9faa33c6b5d628374f5012edcaa79deb7701f74c599109ba206d1e9-45-0"
"0xd5fdc7790ca6a881e5067bc0d73406de1e2dc59e","0x70c688bae9faa33c6b5d628374f5012edcaa79deb7701f74c599109ba206d1e9","0x10aeaf63194db8d453d4d85a06e5efe1dd0b5417","false","340612550138959483","0.41584517940593128261","1.2208745075197","0.99471897703625290761","39439827","0x70c688bae9faa33c6b5d628374f5012edcaa79deb7701f74c599109ba206d1e9-45-1"
"0xae0f77c239f72da36d4da20a4bbdaae4ca48e03f","0x239a67bbbfda0a5928d7117fffda13d2421b5bce718ad8609a64c445a7469a1b","0xa3d68b74bf0528fdd07263c60d6488749044914b","false","100000000000000000","0.108294","1.0829400000000","0.108294","39442587","0x239a67bbbfda0a5928d7117fffda13d2421b5bce718ad8609a64c445a7469a1b-7-2"
"0xae0f77c239f72da36d4da20a4bbdaae4ca48e03f","0x7460eb4c6163635bf28726d76d05bac5832dd7492239f36036695b34311f3010","0xee8c0e9f1bffb4eb878d8f15f368a02a35481242","false","27000000000000000000","27","1.00000","53.994337086","39443125","0x7460eb4c6163635bf28726d76d05bac5832dd7492239f36036695b34311f3010-5-0"
"0xae0f77c239f72da36d4da20a4bbdaae4ca48e03f","0x7460eb4c6163635bf28726d76d05bac5832dd7492239f36036695b34311f3010","0xa3d68b74bf0528fdd07263c60d6488749044914b","false","24926900000000000000","26.994337086","1.0829400000000","53.994337086","39443125","0x7460eb4c6163635bf28726d76d05bac5832dd7492239f36036695b34311f3010-5-2"
"0xb2be7692b07b640c9f2ee1187cee2faec741f872","0xbce6b32891e033c64c6a59c9c150a199e166cd65a56ae8f043f783a763f640d3","0xee8c0e9f1bffb4eb878d8f15f368a02a35481242","false","88141282419113033","0.088141282419113033","1.00000","0.088141282419113033","39454993","0xbce6b32891e033c64c6a59c9c150a199e166cd65a56ae8f043f783a763f640d3-7-0"
"0x91ca1e280d10ad70acaa66a4fa95e9c72f7a74b2","0x7d346e3fab40e84b49fde61a145fcbb2038d26fb495f7df98b0cbf5d699846d8","0xee8c0e9f1bffb4eb878d8f15f368a02a35481242","false","3292460950794993","0.003292460950794993","1.00000","0.003292460950794993","39477105","0x7d346e3fab40e84b49fde61a145fcbb2038d26fb495f7df98b0cbf5d699846d8-33-0"
"0xb2be7692b07b640c9f2ee1187cee2faec741f872","0x3eabc09680d2b1ffc2a0f4e26305d9cc54a1c4bbb85722cfc07fad3fd3c8898e","0xa3d68b74bf0528fdd07263c60d6488749044914b","false","705403000000000000","0.76390912482","1.0829400000000","0.76390912482","39480009","0x3eabc09680d2b1ffc2a0f4e26305d9cc54a1c4bbb85722cfc07fad3fd3c8898e-5-2"
"0x333719c7ace3b5b846a61ad8c6651e57a3cdcc6f","0x8d233153147575f0e4dfb7788726d5f43d2d5082c8cd98fa03b01392a8722075","0xa3d68b74bf0528fdd07263c60d6488749044914b","false","235019000000000000","0.25451147586","1.0829400000000","0.25451147586","39480854","0x8d233153147575f0e4dfb7788726d5f43d2d5082c8cd98fa03b01392a8722075-19-2"
"0xed9e01ffb5b93bac0fb6eaae94221034b4c90f54","0xac4dee2c35c480ae847a8e455ab0930af86f190c2fffe72c7f2757d887f29596","0xa3d68b74bf0528fdd07263c60d6488749044914b","false","471117000000000000","0.51019144398","1.0829400000000","0.51019144398","39482411","0xac4dee2c35c480ae847a8e455ab0930af86f190c2fffe72c7f2757d887f29596-12-2"
"0x82198b70fd6687d0ed5f8a55d8852d68519f8258","0x8bb3e558da2f31536176be1586733a0e056113bdc1e92b0ade9ff4fea1bed481","0xee8c0e9f1bffb4eb878d8f15f368a02a35481242","false","828609750000000000","0.82860975","1.00000","0.82860975","39482588","0x8bb3e558da2f31536176be1586733a0e056113bdc1e92b0ade9ff4fea1bed481-4-0"
"0x5275817b74021e97c980e95ede6bbac0d0d6f3a2","0x064d870141d7e830426a961cbad785635aae64b32c7e2b57651e0a33e9839295","0xee8c0e9f1bffb4eb878d8f15f368a02a35481242","false","4500000000000000000","4.5","1.00000","11.809929068148263444","39483948","0x064d870141d7e830426a961cbad785635aae64b32c7e2b57651e0a33e9839295-7-0"
"0x5275817b74021e97c980e95ede6bbac0d0d6f3a2","0x064d870141d7e830426a961cbad785635aae64b32c7e2b57651e0a33e9839295","0x10aeaf63194db8d453d4d85a06e5efe1dd0b5417","false","1889338781767497484","2.3066455547282634443","1.2208745075197","11.809929068148263444","39483948","0x064d870141d7e830426a961cbad785635aae64b32c7e2b57651e0a33e9839295-7-1"
"0x5275817b74021e97c980e95ede6bbac0d0d6f3a2","0x064d870141d7e830426a961cbad785635aae64b32c7e2b57651e0a33e9839295","0xa3d68b74bf0528fdd07263c60d6488749044914b","false","4620093000000000000","5.00328351342","1.0829400000000","11.809929068148263444","39483948","0x064d870141d7e830426a961cbad785635aae64b32c7e2b57651e0a33e9839295-7-2"
"0xb2be7692b07b640c9f2ee1187cee2faec741f872","0x2c75f1bf39622edbc7df00dd60a642c839e61ae263b43080078a90152b1d68c0","0xee8c0e9f1bffb4eb878d8f15f368a02a35481242","false","9969022647916300904","9.969022647916300904","1.00000","9.969022647916300904","39488837","0x2c75f1bf39622edbc7df00dd60a642c839e61ae263b43080078a90152b1d68c0-8-0"
"0x1aeb6026327e64c7f8878a67ca159d1a781c6610","0x5937e8aa8092eb2b18c40290a65d217e764bafaf2e6f5ddb594a692a9761b26f","0xee8c0e9f1bffb4eb878d8f15f368a02a35481242","false","113839008300000000000","113.8390083","1.00000","113.8390083","39489408","0x5937e8aa8092eb2b18c40290a65d217e764bafaf2e6f5ddb594a692a9761b26f-16-0"
"0xfd4cb66db008a8867794f0695b35ee9166b6c9fd","0x164111c0674b4323d09ae59bb9c1d90a815c1a0db7b74848f919f7c42038fe4f","0xee8c0e9f1bffb4eb878d8f15f368a02a35481242","false","32942666791630455","0.032942666791630455","1.00000","0.032942666791630455","39490369","0x164111c0674b4323d09ae59bb9c1d90a815c1a0db7b74848f919f7c42038fe4f-4-0"
"0xaca88e0965cb871f1af3391d706098362ee093a2","0x8bc09ef91a69eeb76b97b01cd8daec054b5c2763548a3c197da58717f99f56a7","0xee8c0e9f1bffb4eb878d8f15f368a02a35481242","false","363328406268980567","0.363328406268980567","1.00000","1.4543467875256177543","39493505","0x8bc09ef91a69eeb76b97b01cd8daec054b5c2763548a3c197da58717f99f56a7-57-0"
"0xaca88e0965cb871f1af3391d706098362ee093a2","0x8bc09ef91a69eeb76b97b01cd8daec054b5c2763548a3c197da58717f99f56a7","0x10aeaf63194db8d453d4d85a06e5efe1dd0b5417","false","596249176088961034","0.72794541921663718734","1.2208745075197","1.4543467875256177543","39493505","0x8bc09ef91a69eeb76b97b01cd8daec054b5c2763548a3c197da58717f99f56a7-57-1"
"0xaca88e0965cb871f1af3391d706098362ee093a2","0x8bc09ef91a69eeb76b97b01cd8daec054b5c2763548a3c197da58717f99f56a7","0xa3d68b74bf0528fdd07263c60d6488749044914b","false","335266000000000000","0.36307296204","1.0829400000000","1.4543467875256177543","39493505","0x8bc09ef91a69eeb76b97b01cd8daec054b5c2763548a3c197da58717f99f56a7-57-2"
"0xb18223970a43a52db119875b34a757651cc60dc3","0xe9457d59f1f4f9207834a4fe97778f1137c6a9398ae2f1c653590ee4a9009748","0xa3d68b74bf0528fdd07263c60d6488749044914b","false","1000000000000000000","1.08294","1.0829400000000","1.08294","39496458","0xe9457d59f1f4f9207834a4fe97778f1137c6a9398ae2f1c653590ee4a9009748-3-2"
"0xb2be7692b07b640c9f2ee1187cee2faec741f872","0x48d878e4b6669c34ef333d84e9d714d3db06047e3eeefe89ba7614237a70d2df","0xee8c0e9f1bffb4eb878d8f15f368a02a35481242","false","4993672916146309010","4.99367291614630901","1.00000","4.99367291614630901","39496719","0x48d878e4b6669c34ef333d84e9d714d3db06047e3eeefe89ba7614237a70d2df-75-0"
"0x11882ca26d94275436a3da07250eb0f0d6e9e52d","0xffc4297c1132dc5b583849e75263f35825c6d6c8624c9c644b152d909699f07e","0xee8c0e9f1bffb4eb878d8f15f368a02a35481242","false","5043082890818458146","5.043082890818458146","1.00000","5.043082890818458146","39498993","0xffc4297c1132dc5b583849e75263f35825c6d6c8624c9c644b152d909699f07e-14-0"
"0x750e9a7b449904f47b793b805db469fa6e025e33","0x48d878e4b6669c34ef333d84e9d714d3db06047e3eeefe89ba7614237a70d2df","0xa3d68b74bf0528fdd07263c60d6488749044914b","false","4993670000000000000","5.4078449898","1.0829400000000","5.4078449898","39496719","manual-1"
"0x8d114f86f43c76e084ac9b82b073a744e3e55fdb","0x3eabc09680d2b1ffc2a0f4e26305d9cc54a1c4bbb85722cfc07fad3fd3c8898e","0xee8c0e9f1bffb4eb878d8f15f368a02a35481242","false","705403000000000000","0.705403","1.00000","0.705403","39480009","manual-2"
"0x50d4df2878e44f0d4ba02502f0a3646f9daf5d5f","0xbce6b32891e033c64c6a59c9c150a199e166cd65a56ae8f043f783a763f640d3","0xa3d68b74bf0528fdd07263c60d6488749044914b","false","88141282419113033","0.095451720382954267957","1.0829400000000","0.095451720382954267957","39454993","manual-3"